timestamp,characters,words,paragraphs
2025-04-07T09:36:25.119385,229,31,2
2025-04-07T09:37:09.008645,218,35,2
2025-04-07T09:37:46.157401,160,22,1
2025-04-07T09:38:04.353302,160,22,1
2025-04-07T09:38:14.469711,105,17,1
2025-04-07T09:38:21.896359,186,28,1
2025-04-07T09:38:30.277273,186,28,1
2025-04-07T09:38:56.779183,186,28,1
2025-04-07T09:39:09.741760,132,18,1
2025-04-07T09:39:32.813683,186,27,2
2025-04-07T09:39:41.654954,186,27,2
2025-04-07T09:39:50.908178,186,27,2
2025-04-07T14:22:27.923224,217,40,1
2025-04-07T14:22:41.652334,152,25,1
2025-04-07T14:22:51.518107,220,37,1
2025-04-07T14:23:11.958970,281,49,1
2025-04-07T14:23:29.309885,240,43,1
2025-04-07T14:23:48.018844,193,35,1
2025-04-07T14:24:07.840235,171,32,1
2025-04-07T14:37:14.589422,73635,12867,479
2025-04-07T14:37:32.122480,312,37,2
2025-04-07T14:37:49.471780,327,45,2
2025-04-07T14:38:13.302016,297,37,2
2025-04-07T14:38:34.146218,407,55,2
2025-04-07T14:38:57.967231,496,66,2
2025-04-07T14:39:28.058633,264,41,2
2025-04-07T14:39:43.812649,267,34,2
2025-04-07T14:39:59.648279,409,58,2
2025-04-07T14:41:01.690789,470,64,2
2025-04-07T14:41:28.415334,327,46,2
2025-04-07T14:41:48.070992,291,39,2
2025-04-07T14:42:09.041829,252,32,2
2025-04-07T14:42:30.014544,332,47,2
2025-04-07T14:42:49.367227,286,41,2
2025-04-07T15:49:50.124770,579,95,1
2025-04-07T15:50:26.605369,232,38,1
2025-04-07T15:50:49.285662,232,38,1
2025-04-07T15:51:02.812394,228,41,1
2025-04-07T15:51:16.415733,494,93,1
2025-04-07T15:52:05.334198,394,75,1
2025-04-07T15:52:32.679066,170,33,1
2025-04-07T15:52:43.313107,155,30,1
2025-04-07T15:52:53.107064,305,53,1
2025-04-07T15:53:32.927691,253,47,1
2025-04-07T15:58:52.678713,151,25,1
2025-04-07T15:59:00.377877,89,14,1
2025-04-07T18:32:17.897540,516,84,2
2025-04-07T18:32:54.870192,298,49,2
2025-04-07T19:33:09.165351,567,97,1
2025-04-07T19:33:40.640670,364,56,1
2025-04-07T19:34:00.165401,426,64,1
2025-04-07T19:34:26.663954,154,27,1
2025-04-07T19:36:20.728594,484,69,1
2025-04-07T20:17:30.355871,145,19,1
2025-04-07T20:18:03.247476,241,36,1
2025-04-07T20:18:17.389125,104,14,1
2025-04-07T20:18:25.454251,75,11,1
2025-04-07T20:18:30.145011,134,21,1
2025-04-07T20:18:39.946855,190,24,1
2025-04-07T20:18:53.075894,99,13,1
2025-04-07T20:19:00.650461,81,11,1
2025-04-07T20:19:07.026877,126,19,1
2025-04-07T20:19:21.545408,133,22,1
2025-04-07T20:19:30.978811,193,29,1
2025-04-07T20:19:45.079570,204,32,1
2025-04-07T20:20:01.359138,130,17,1
2025-04-07T20:20:13.278021,165,22,1
2025-04-07T20:20:23.031013,212,32,1
2025-04-07T20:20:45.913078,700,104,1
2025-04-07T20:24:18.493526,331,42,1
2025-04-07T20:24:39.193167,262,35,1
2025-04-07T20:24:57.807474,310,39,1
2025-04-07T20:25:19.764618,224,30,1
2025-04-07T20:25:43.598809,230,31,1
2025-04-07T20:25:58.661784,248,37,1
2025-04-07T20:27:18.310240,146,21,1
2025-04-07T20:27:33.049497,262,39,1
2025-04-07T20:27:52.343742,244,37,1
2025-04-07T20:28:07.795493,199,29,1
2025-04-07T20:28:19.762469,624,93,1
2025-04-07T20:30:54.114080,560,80,1
2025-04-07T20:31:27.636693,288,41,1
2025-04-07T20:31:41.847742,408,63,1
2025-04-07T20:32:06.831344,321,47,1
2025-04-07T20:32:33.001524,420,61,1
2025-04-07T20:32:56.853229,348,54,1
2025-04-07T20:33:18.727752,323,53,1
2025-04-07T20:33:38.856000,377,62,1
2025-04-07T20:34:01.449306,120,16,1
2025-04-07T20:34:13.429108,394,53,1
2025-04-07T20:34:56.691838,179,28,1
2025-04-07T20:35:08.660159,221,33,1
2025-04-07T20:35:22.508284,267,40,1
2025-04-07T20:35:42.291357,245,39,1
2025-04-07T20:35:55.263586,560,80,1
2025-04-07T20:37:29.806421,272,31,1
2025-04-07T20:37:46.897117,373,53,1
2025-04-07T20:38:08.413540,234,34,1
2025-04-07T20:38:27.376990,353,50,1
2025-04-07T20:39:06.767597,364,51,1
2025-04-07T20:39:31.473468,610,84,1
2025-04-07T20:52:27.082775,360,51,1
2025-04-07T20:52:51.930291,266,44,1
2025-04-07T20:53:26.331519,471,72,1
2025-04-07T20:53:55.236803,330,51,1
2025-04-07T20:54:22.515987,402,58,1
2025-04-07T20:54:55.508705,291,38,1
2025-04-07T20:55:12.942973,231,33,1
2025-04-07T20:55:30.044263,263,37,1
2025-04-07T20:55:48.314130,246,38,1
2025-04-07T20:57:29.124857,236,33,1
2025-04-07T20:58:19.504292,185,27,1
2025-04-07T20:58:35.181852,236,33,1
2025-04-07T21:02:33.499510,269,38,1
2025-04-07T21:02:50.923284,351,56,1
2025-04-07T21:03:10.323664,161,23,1
2025-04-07T21:03:23.673971,134,25,1
2025-04-07T21:03:35.062797,191,29,1
2025-04-07T21:03:45.104507,108,15,1
2025-04-07T21:03:54.173101,306,45,1
2025-04-07T21:04:11.199149,337,51,1
2025-04-08T11:14:44.406802,180,29,1
2025-04-08T11:14:59.331926,519,79,1
2025-04-08T11:15:28.794580,461,75,1
2025-04-08T11:15:53.496850,359,66,1
2025-04-08T11:16:28.562439,188,33,1
2025-04-08T11:16:40.975037,202,35,1
2025-04-08T11:16:52.264517,115,22,1
2025-04-08T11:17:00.122703,68,11,1
2025-04-08T11:18:52.231965,323,50,1
2025-04-08T11:20:00.200442,258,41,1
2025-04-08T11:20:15.544883,290,53,1
2025-04-08T11:20:34.067685,263,48,1
2025-04-08T11:20:48.205170,216,38,1
2025-04-08T11:21:01.598807,395,78,1
2025-04-08T11:21:25.984349,276,50,1
2025-04-08T11:21:47.606729,158,25,1
2025-04-08T16:23:05.672662,236,41,1
2025-04-08T16:23:17.093921,162,28,1
2025-04-08T16:23:31.964923,131,24,1
2025-04-08T16:23:40.379225,458,73,1
2025-04-08T16:24:06.560342,396,58,1
2025-04-08T16:24:26.933584,133,22,1
2025-04-08T16:28:24.810742,232,41,1
2025-04-08T16:28:36.317048,335,61,1
2025-04-08T17:04:30.170990,285,55,1
2025-04-08T17:04:47.814847,80,13,1
2025-04-08T17:04:54.709227,118,20,1
2025-04-08T18:10:17.085203,229,37,2
2025-04-08T18:11:09.027245,229,37,2
2025-04-08T18:11:09.034362,229,37,2
2025-04-08T18:11:42.928350,133,21,2
2025-04-08T18:11:51.178446,189,26,2
2025-04-08T18:12:01.551509,64,9,1
2025-04-08T18:13:13.322931,142,22,2
2025-04-08T18:13:23.408524,264,46,2
2025-04-08T18:13:41.871951,374,58,2
2025-04-08T18:13:51.681876,374,58,2
2025-04-08T18:14:28.771484,239,39,2
2025-04-08T18:14:43.523317,134,20,2
2025-04-08T18:14:56.451861,362,45,2
2025-04-08T18:15:21.939290,605,97,2
2025-04-08T18:16:11.744155,612,95,2
2025-04-08T18:16:48.690692,611,93,2
2025-04-08T18:17:19.565771,351,48,2
2025-04-08T18:17:59.163721,520,79,2
2025-04-08T18:18:25.758749,115,17,2
2025-04-08T18:18:35.641876,288,43,2
2025-04-08T18:18:50.248336,288,43,2
2025-04-08T18:27:36.735775,288,43,2
2025-04-08T18:27:57.434546,290,41,2
2025-04-08T18:28:14.190616,487,81,2
2025-04-08T18:28:42.931076,348,59,2
2025-04-08T18:29:10.416922,324,49,2
2025-04-08T18:29:38.144047,151,23,2
2025-04-08T18:29:47.865861,281,45,2
2025-04-08T18:30:07.123640,310,54,2
2025-04-08T18:30:30.396516,467,76,2
2025-04-08T18:30:58.995676,123,22,2
2025-04-08T18:31:07.440676,276,45,2
2025-04-08T18:31:25.539628,170,24,2
2025-04-08T18:31:36.678480,744,114,2
2025-04-08T18:31:47.399660,744,114,2
2025-04-08T18:32:28.443459,579,97,2
2025-04-08T18:33:01.705723,143,22,2
2025-04-08T18:33:12.774018,450,73,1
2025-04-08T18:33:37.580228,172,26,1
2025-04-08T18:33:48.219939,382,64,1
2025-04-08T18:34:16.222848,230,35,2
2025-04-08T18:34:39.974231,230,35,2
2025-04-08T18:37:11.769527,268,41,1
2025-04-08T18:37:27.471456,252,39,2
2025-04-08T18:37:47.110410,452,73,1
2025-04-08T18:38:23.008939,266,41,1
2025-04-08T18:38:32.271622,266,41,1
2025-04-08T18:38:49.693176,268,43,2
2025-04-08T18:39:04.464557,338,53,1
2025-04-08T18:39:23.952670,343,58,2
2025-04-08T18:39:43.139498,85,16,1
2025-04-08T18:39:50.192318,276,39,2
2025-04-08T18:40:06.353879,134,22,1
2025-04-08T18:40:19.321852,134,22,1
2025-04-08T18:40:27.690893,341,63,1
2025-04-08T18:40:53.102305,470,69,2
2025-04-08T19:11:47.701973,6,1,1
2025-04-08T19:11:53.518724,230,38,2
2025-04-08T19:12:15.362583,207,35,2
2025-04-08T19:12:28.744790,160,29,2
2025-04-08T19:12:46.317901,255,35,2
2025-04-08T19:12:54.299802,255,35,2
2025-04-08T19:13:15.847883,99,15,2
2025-04-08T19:13:22.983600,641,99,1
2025-04-08T19:13:56.250561,112,17,2
2025-04-08T19:14:03.330637,232,36,1
2025-04-08T19:14:16.165982,130,19,1
2025-04-08T19:14:25.077738,316,49,1
2025-04-08T19:14:32.728039,316,49,1
2025-04-08T19:14:50.672138,190,31,1
2025-04-08T19:15:02.586378,172,30,1
2025-04-08T19:15:14.227428,236,41,2
2025-04-08T19:15:29.042603,332,53,1
2025-04-08T19:15:36.539247,332,53,1
2025-04-08T19:15:53.427334,199,28,1
2025-04-08T19:16:04.291633,348,59,1
2025-04-08T19:16:37.924149,48,8,1
2025-04-08T19:17:34.685973,177,31,1
2025-04-08T19:17:57.254514,174,26,2
2025-04-08T19:18:03.864254,174,26,2
2025-04-08T19:20:45.633388,179,31,1
2025-04-08T19:21:02.976824,220,37,2
2025-04-08T19:21:16.740013,197,36,1
2025-04-08T19:21:32.343052,117,20,1
2025-04-08T19:26:34.785679,117,20,1
2025-04-08T19:26:42.066590,261,41,1
2025-04-08T19:26:58.977013,823,130,1
2025-04-08T19:27:48.456360,319,47,2
2025-04-08T19:27:54.516253,319,47,2
2025-04-08T19:28:13.629462,395,63,1
2025-04-08T19:28:37.448593,93,15,2
2025-04-08T19:28:46.686632,293,47,2
2025-04-08T19:29:18.461489,172,23,2
2025-04-08T19:29:30.968038,200,32,1
2025-04-08T19:29:38.324548,200,32,1
2025-04-08T19:29:51.157652,151,26,1
2025-04-08T19:30:02.318548,174,28,1
2025-04-08T19:30:14.347358,350,57,1
2025-04-08T19:30:41.595942,401,66,1
2025-04-08T19:30:49.054931,401,66,1
2025-04-08T19:31:13.597623,200,34,1
2025-04-08T19:31:27.735431,355,51,1
2025-04-08T19:31:46.330365,186,30,1
2025-04-08T19:31:57.766470,170,27,1
2025-04-08T19:32:10.541436,209,37,1
2025-04-08T19:32:16.664480,209,37,1
2025-04-08T19:32:30.194396,288,48,1
2025-04-08T19:33:11.117160,317,48,2
2025-04-08T19:33:33.428177,225,35,1
2025-04-08T19:33:41.035935,223,35,1
2025-04-08T19:33:56.389230,53,9,1
2025-04-08T20:13:36.238032,625,103,1
2025-04-08T20:14:06.307851,394,68,1
2025-04-08T20:27:54.748699,326,52,2
2025-04-08T20:28:14.066790,404,69,2
2025-04-08T20:28:49.045776,117,19,1
2025-04-08T20:28:56.999962,365,51,1
2025-04-08T20:29:27.857654,285,46,1
2025-04-08T20:29:45.844003,172,28,2
2025-04-08T20:29:51.683340,172,28,2
2025-04-08T20:30:02.396028,265,43,1
2025-04-08T20:30:17.942634,163,29,2
2025-04-08T20:30:29.459120,309,47,1
2025-04-08T20:30:48.601402,443,76,1
2025-04-08T20:31:23.551827,341,55,2
2025-04-08T20:31:31.583572,341,55,2
2025-04-08T20:33:56.561613,187,31,2
2025-04-08T20:34:22.146464,401,63,1
2025-04-08T20:34:55.233080,586,86,1
2025-04-08T20:35:37.119700,537,73,1
2025-04-08T20:36:37.205062,471,62,1
2025-04-08T20:36:45.182106,471,62,1
2025-04-08T20:37:16.811056,386,57,1
2025-04-08T20:37:41.322878,566,92,1
2025-04-08T20:38:13.318977,171,28,2
2025-04-08T20:38:28.995085,103,16,1
2025-04-08T20:38:35.562716,103,16,1
2025-04-08T20:38:46.916459,263,41,1
2025-04-08T20:40:48.258766,610,83,1
2025-04-08T20:41:28.333377,337,44,1
2025-04-08T20:41:48.741797,529,65,1
2025-04-08T20:42:20.713183,370,48,1
2025-04-08T20:42:28.336192,370,48,1
2025-04-08T20:42:58.427024,318,49,1
2025-04-08T20:43:21.435293,252,36,1
2025-04-08T21:22:00.823694,273,48,1
2025-04-08T21:22:30.405034,187,38,1
2025-04-08T21:22:41.054834,272,49,1
2025-04-09T09:32:27.674250,158,23,1
2025-04-09T09:33:51.912807,158,23,1
2025-04-09T09:34:05.148768,158,23,1
2025-04-09T09:34:15.297554,158,23,1
2025-04-09T09:34:27.846249,105,13,1
2025-04-09T09:34:34.847177,127,19,1
2025-04-09T09:34:55.538981,124,17,1
2025-04-09T09:36:14.527604,215,32,1
2025-04-09T09:36:29.746086,241,42,1
2025-04-09T09:36:44.184754,176,27,1
2025-04-09T09:38:32.695946,176,27,1
2025-04-09T09:38:46.819686,119,18,1
2025-04-09T09:38:56.848765,116,20,1
2025-04-09T10:26:34.347374,752,133,2
2025-04-09T10:27:15.893263,417,86,2
2025-04-09T10:55:03.828743,454,86,1
2025-04-09T10:55:52.500552,456,86,1
2025-04-09T10:56:11.018519,455,86,1
2025-04-09T13:56:47.302052,318,51,2
2025-04-09T13:57:09.735212,100,15,1
2025-04-09T13:57:17.582999,77,11,1
2025-04-09T13:57:37.088518,109,18,1
2025-04-09T14:17:24.656846,136,23,1
2025-04-09T14:17:41.057051,257,37,1
2025-04-09T14:57:47.291078,488,83,1
2025-04-09T14:58:14.548633,765,127,1
2025-04-09T14:58:56.926091,195,34,1
2025-04-09T14:59:10.261819,479,71,1
2025-04-09T14:59:47.581124,226,43,1
2025-04-09T15:04:55.424750,600,77,1
2025-04-09T17:12:57.535513,347,55,1
2025-04-09T17:13:29.971104,347,55,1
2025-04-09T17:13:55.342921,347,55,1
2025-04-09T17:13:57.368760,347,55,1
2025-04-09T17:14:13.790728,347,55,1
2025-04-09T17:14:46.709591,402,60,1
2025-04-09T17:15:06.863562,308,47,1
2025-04-09T17:15:36.355257,408,63,1
2025-04-09T17:16:00.568113,998,139,2
2025-04-09T17:16:56.408362,355,54,1
2025-04-09T17:17:54.369220,261,38,1
2025-04-09T20:15:50.456150,190,26,1
2025-04-09T20:18:58.502229,147,25,1
2025-04-09T20:19:11.845724,113,14,1
2025-04-09T20:19:18.517790,201,34,1
2025-04-09T20:19:30.058012,68,12,1
2025-04-09T21:19:47.607262,278,41,1
2025-04-09T21:20:07.333520,322,45,1
2025-04-09T21:20:28.591492,359,46,1
2025-04-09T21:20:55.176727,299,42,1
2025-04-09T21:21:12.300613,335,45,1
2025-04-09T21:21:32.450099,159,23,1
2025-04-09T21:21:42.476638,265,34,1
2025-04-09T21:23:23.061631,388,54,1
2025-04-09T21:23:43.791581,394,60,1
2025-04-09T21:24:05.625998,215,32,1
2025-04-09T21:36:12.158964,396,62,1
2025-04-10T04:45:11.236839,381,55,2
2025-04-10T04:45:39.377498,214,36,2
2025-04-10T05:06:21.656428,602,100,1
2025-04-10T05:06:54.655612,443,81,1
2025-04-10T05:07:19.860992,293,55,1
2025-04-10T05:11:39.989993,625,105,1
2025-04-10T05:12:16.322159,443,81,1
2025-04-10T05:12:44.371256,310,59,1
2025-04-10T05:46:18.805497,625,105,1
2025-04-10T06:46:55.619968,348,46,1
2025-04-10T06:47:18.718842,296,47,1
2025-04-10T06:47:36.276276,322,50,1
2025-04-10T06:48:24.722296,265,53,1
2025-04-10T17:14:01.120718,190,26,1
2025-04-10T17:14:42.988753,190,26,1
2025-04-10T17:17:01.780745,190,26,1
2025-04-10T17:17:16.772152,164,31,2
2025-04-10T17:17:27.390995,387,54,2
2025-04-10T17:17:50.733722,159,23,2
2025-04-10T17:18:03.641539,495,72,2
2025-04-10T17:18:40.869272,407,59,2
2025-04-10T17:18:48.146936,407,59,2
2025-04-10T17:19:17.435056,141,22,2
2025-04-10T17:19:29.625759,422,63,2
2025-04-10T17:20:07.245647,204,31,2
2025-04-10T17:20:21.856218,103,17,2
2025-04-10T17:20:28.676031,103,17,2
2025-04-10T17:20:36.850207,425,57,2
2025-04-10T17:21:09.757224,155,22,2
2025-04-10T17:21:28.087383,100,14,2
2025-04-10T17:21:36.410004,63,11,2
2025-04-10T17:21:42.429279,63,11,2
2025-04-10T17:21:48.132326,156,23,2
2025-04-10T17:22:04.329961,139,20,2
2025-04-10T17:22:23.953734,119,16,1
2025-04-10T17:22:31.392351,159,26,1
2025-04-10T17:23:26.017068,385,54,2
2025-04-10T17:23:33.066131,385,54,2
2025-04-10T17:24:04.384517,536,67,2
2025-04-10T17:25:00.067839,326,51,2
2025-04-10T17:25:54.487570,127,17,2
2025-04-10T17:26:02.820585,47,7,1
2025-04-10T17:26:19.332009,270,44,2
2025-04-10T17:26:39.313871,362,52,2
2025-04-10T17:26:46.269311,362,52,2
2025-04-10T17:27:08.013068,494,77,2
2025-04-10T17:27:37.623430,198,36,2
2025-04-10T17:27:51.268917,233,33,2
2025-04-10T17:28:36.140481,159,26,1
